State,ConsumerKey,ConsumerSecret,AccessToken,AccessTokenSecret
AL,B7M37EgnPWCGTBJ7STTIZnwFY,NHNPFRbEUQucny6I8PFMhpXwnZiRb5Eg3NSQrs4Al8dVsHwJ7q,700241418-MIx5LbkxLhdV9BO4vfXev7xC65LoWmzFmBB8dJFa,ZxqjD65Fs44zcqqqBpSO4Ov7EZdCIFBKBcD8wF1tbUtoc
AK,B7M37EgnPWCGTBJ7STTIZnwFY,NHNPFRbEUQucny6I8PFMhpXwnZiRb5Eg3NSQrs4Al8dVsHwJ7q,700254277-UbC8Uxl9IqWurscYIPacdBgLhlASoZFPCXH7iPJj,Cd4g4Pr7w6BWgz7DKCw3jEKbC3jSPm9J94xMi7pnBTnp6
AZ,B7M37EgnPWCGTBJ7STTIZnwFY,NHNPFRbEUQucny6I8PFMhpXwnZiRb5Eg3NSQrs4Al8dVsHwJ7q,700257860-Ed0n7nN8YYKTdsWuR2jkqsKmSWk2D566S0W7NRFJ,SHgcuxNRg8Xs61yIH5TMkeSl4wUXj3hqr3rSfBXjCfxQw
AZ,B7M37EgnPWCGTBJ7STTIZnwFY,NHNPFRbEUQucny6I8PFMhpXwnZiRb5Eg3NSQrs4Al8dVsHwJ7q,700284625-NrxVZ3pzyYLEj1WjScBAAb6in8SomHCZuvzW8bkJ,tUZ0Iuy6gmHM7KHm2nx4pNYaRF3azaspadJXflDjwyfMa
CA,B7M37EgnPWCGTBJ7STTIZnwFY,NHNPFRbEUQucny6I8PFMhpXwnZiRb5Eg3NSQrs4Al8dVsHwJ7q,633167361-KGPxvARLVJN1jKrqXPFMpHzkLMygDQTT1fYcqoZm,NmiTIdMjkjDlKw9rxdKPctj2jyPp7pcng1CEpHTreVvNe
CO,B7M37EgnPWCGTBJ7STTIZnwFY,NHNPFRbEUQucny6I8PFMhpXwnZiRb5Eg3NSQrs4Al8dVsHwJ7q,700288495-KGcIeKyRTqpyvF0392rDtNi1yhJ0G2gweFFgK3cv,gD7IS5ZEN9bDZ0mD7fgO2yBLYNKLv8ddKdMM42Sv0YS7Z
CT,B7M37EgnPWCGTBJ7STTIZnwFY,NHNPFRbEUQucny6I8PFMhpXwnZiRb5Eg3NSQrs4Al8dVsHwJ7q,700300772-PQy75EvGBKj7Hl4GEqX9qWtiwYIPWYlEe5TdCHAs,NXJUYGE3Fneq99LtKmbLCoL2bbvHtBG1YpwaX4WyyRbTf
DE,B7M37EgnPWCGTBJ7STTIZnwFY,NHNPFRbEUQucny6I8PFMhpXwnZiRb5Eg3NSQrs4Al8dVsHwJ7q,700311164-8UteKJhUVERQLBUhYYzI7go0sC4LmPgcdYibHaPV,RnsQgVAsm6AxLnRPsh5UiS4bfdgsGxYPVnZ2cNzzTK4KO
FL,B7M37EgnPWCGTBJ7STTIZnwFY,NHNPFRbEUQucny6I8PFMhpXwnZiRb5Eg3NSQrs4Al8dVsHwJ7q,700320006-80ZwZurQHOKsowDrf7TQXby43X2DmKUDOTK7fgXy,FaJsZCPkXO5kpSIHAtDkAlqQ1WmUhJElgLMLC4BFUaMs0
GA,B7M37EgnPWCGTBJ7STTIZnwFY,NHNPFRbEUQucny6I8PFMhpXwnZiRb5Eg3NSQrs4Al8dVsHwJ7q,700323740-Kf0unl7COv3yzKZvREMljrwrF1U9cinqtwtgG7iKfL7JvL8HbCowC1yaDpyUO8HoXZo0OiJztFKG8Lo7rORy
HI,B7M37EgnPWCGTBJ7STTIZnwFY,NHNPFRbEUQucny6I8PFMhpXwnZiRb5Eg3NSQrs4Al8dVsHwJ7q,700327447-mmeQYjj1hbiIvGFd6PxBCDx5t1MEwF8Z1EF2t9VD,AiRBUGXeKLgghDcrtLehvXVLNLAv7FaVltbHAc4vbIVLA
IA,B7M37EgnPWCGTBJ7STTIZnwFY,NHNPFRbEUQucny6I8PFMhpXwnZiRb5Eg3NSQrs4Al8dVsHwJ7q,700342916-gVfI2fOGgDO9QAyouTrwV5czQhKlxi3dMrWj8wi4,K89NIykLoEzUVlw5fkDmpBqrnbSCSRmssNdYaxs358hwi
ID,B7M37EgnPWCGTBJ7STTIZnwFY,NHNPFRbEUQucny6I8PFMhpXwnZiRb5Eg3NSQrs4Al8dVsHwJ7q,633090605-twhKegOOn6MVaSuTRwo3Dv8PElao0FuSHaT4G9sE,5i6qTq112IWAWT9Fs4qVjhbQzAbCXZXojhoR8IsyItu1S
IL,B7M37EgnPWCGTBJ7STTIZnwFY,NHNPFRbEUQucny6I8PFMhpXwnZiRb5Eg3NSQrs4Al8dVsHwJ7q,700333956-9ebbIDTxkNmctt1m9hfrDbTTrTQAcqRbrzWcH99i,baYKnxIM3MqSuhRNpwpAjIBxXsEl8zZJmNQ0qQtlenRSl
IN,B7M37EgnPWCGTBJ7STTIZnwFY,NHNPFRbEUQucny6I8PFMhpXwnZiRb5Eg3NSQrs4Al8dVsHwJ7q,700339735-fHSMQyDu5bRmKeIR2m0stWOt6zHKMfomz9e373crvrilCYD83MPOJZP2YnYrQXfk95ZrUjVTnWYPIZRZizZu
KS,B7M37EgnPWCGTBJ7STTIZnwFY,NHNPFRbEUQucny6I8PFMhpXwnZiRb5Eg3NSQrs4Al8dVsHwJ7q,700344786-zP1wA9X6FsL1wYmS6uftoTYTEP1NRWIkP0SB4hID,8CEBDrYQMTb09NgET4OPEICMc9O2G9EeC8x4pY8yvlZvx
KY,B7M37EgnPWCGTBJ7STTIZnwFY,NHNPFRbEUQucny6I8PFMhpXwnZiRb5Eg3NSQrs4Al8dVsHwJ7q,700348368-o3wMweKFljuDlGI3RRaKAUmNWBE0KfnYWgeqUlxP,PrzWJHmHlNg51XREkEHXzh94WDWsGUxPtPvKX3uKA3jO4
LA,B7M37EgnPWCGTBJ7STTIZnwFY,NHNPFRbEUQucny6I8PFMhpXwnZiRb5Eg3NSQrs4Al8dVsHwJ7q,700352239-Bk1uT76g7qrotmiTGJpsf0Dgeu5YhJzVXTLYF1vt,A4nuRSZ2ArEL62v2VJQKtpmbani8n8EYwCs0kKSf8ixRW
MA,B7M37EgnPWCGTBJ7STTIZnwFY,NHNPFRbEUQucny6I8PFMhpXwnZiRb5Eg3NSQrs4Al8dVsHwJ7q,701345592-Tp795Kv0AwbyiF11FSNOzwC9Da2T5ykLwd9VJgf7,d3JLplh6G3cMuUoHR8k2kTYWHeXvLkKicUIVClh7ENJzJ
MD,B7M37EgnPWCGTBJ7STTIZnwFY,NHNPFRbEUQucny6I8PFMhpXwnZiRb5Eg3NSQrs4Al8dVsHwJ7q,701186720-wG9PxytoR6gZx19i6H51a2wERwGN62LWPujxAPWXVFYizLm35goPiKB115C96dIQuAqXY7VfYOpmzLl4UCOC
ME,B7M37EgnPWCGTBJ7STTIZnwFY,NHNPFRbEUQucny6I8PFMhpXwnZiRb5Eg3NSQrs4Al8dVsHwJ7q,700354837-hc8mTJILJVYPkokAlok33tJhYxd2J9DKIOo0y6AR,5bQ24DXX69mtGqPhQt6O5fsNLUnYpIc56egOoHqqigUxd
MI,B7M37EgnPWCGTBJ7STTIZnwFY,NHNPFRbEUQucny6I8PFMhpXwnZiRb5Eg3NSQrs4Al8dVsHwJ7q,701391620-DVDfzT0dcoUwzwOpPwpwBveowfswUKNCkX2NvecR,lrARedw80rvW8uPt1eRx3JzntJpNmw26BoxthhFzKZisR
MN,B7M37EgnPWCGTBJ7STTIZnwFY,NHNPFRbEUQucny6I8PFMhpXwnZiRb5Eg3NSQrs4Al8dVsHwJ7q,701432106-4UWN1zUZC0wcmHYRhs9oTfvIgYsEHt49AckTic1u,mHPmGJZy87OS0XCNtOYlXjPtOEYNb76Sw3QS3gwz7UpRL
MS,B7M37EgnPWCGTBJ7STTIZnwFY,NHNPFRbEUQucny6I8PFMhpXwnZiRb5Eg3NSQrs4Al8dVsHwJ7q,701440687-RLGHWmNL5FpM2rAyVhxyjp3yJ7179y2xJ8BGj9L2,SF2p2UQvvDpAPZO6P8mB9CSZyoV71ckUXTIOCx1Mcy3db
MO,B7M37EgnPWCGTBJ7STTIZnwFY,NHNPFRbEUQucny6I8PFMhpXwnZiRb5Eg3NSQrs4Al8dVsHwJ7q,701449273-CHMB6chUjj2MLS91gL3y4os7XWfR3bsFmzvhEqdj,5KG7qr75OXBUdRI3olsqyFn76c8jbJuvomeiuDhTojDEq
MT,B7M37EgnPWCGTBJ7STTIZnwFY,NHNPFRbEUQucny6I8PFMhpXwnZiRb5Eg3NSQrs4Al8dVsHwJ7q,701456402-lONVoPR3J0Cwcxe1dCgeGydAxAFznDGpvRTTRsge,aY9RuYHXss1kmhPhN5C3VTxfhpuO31TLbAtEjqXmf1L3w
NC,B7M37EgnPWCGTBJ7STTIZnwFY,NHNPFRbEUQucny6I8PFMhpXwnZiRb5Eg3NSQrs4Al8dVsHwJ7q,701542921-73ziEgcKiEO8kJZXWhh6CH9hGRqRFJPj99eDZcIj,QdXIAKMYZzApbUzNx4x3wPLmYkaKXpYP4WDVTFCqLejmw
ND,B7M37EgnPWCGTBJ7STTIZnwFY,NHNPFRbEUQucny6I8PFMhpXwnZiRb5Eg3NSQrs4Al8dVsHwJ7q,701549574-oKyjgqeRB8XceqEEij2lNpvb4H2KcTHVuAGS6dGy,O7euqOUhNAZ3XyMFrhzkR8X5L6aqF4DtXNziVngJdmhgd
NE,B7M37EgnPWCGTBJ7STTIZnwFY,NHNPFRbEUQucny6I8PFMhpXwnZiRb5Eg3NSQrs4Al8dVsHwJ7q,701460090-kw9M6TlLqd1DvwDs4OwR4g0pmF7EGtVKxQBEXJ6N,KWHlr0R5rnZogG8V7QST3GkNLIhit6KWxhxVoyiwOX4cn
NH,B7M37EgnPWCGTBJ7STTIZnwFY,NHNPFRbEUQucny6I8PFMhpXwnZiRb5Eg3NSQrs4Al8dVsHwJ7q,701509531-9MfwXXNEqxmyNNoIP8SPsdlMUCrMMaLdfxa2I2a5,pnxDmPxYhKvbVvmGYvJ9tWxENAGsGEpEDqYfCaG9B9dFc
NJ,B7M37EgnPWCGTBJ7STTIZnwFY,NHNPFRbEUQucny6I8PFMhpXwnZiRb5Eg3NSQrs4Al8dVsHwJ7q,701511618-7wkuZFM7rEsHaoI15AN4Hvb8lwjfRQCvXkLqqaDp,jC2rTwqdakoWsMSqmAlw2IfNS1oFQISXC1moRKuovP2NM
NM,B7M37EgnPWCGTBJ7STTIZnwFY,NHNPFRbEUQucny6I8PFMhpXwnZiRb5Eg3NSQrs4Al8dVsHwJ7q,633175239-uMqiB5P90ScruxzgUyEeZkJfPpzny8QKymwWHHer,sdyKgu40tSbQXW2dIzjEclPE70U2zQPiMHNAVz8hOcqFd
NV,B7M37EgnPWCGTBJ7STTIZnwFY,NHNPFRbEUQucny6I8PFMhpXwnZiRb5Eg3NSQrs4Al8dVsHwJ7q,633169860-m66flOyFl4QXXu0Hl4ondsNYuBad4jNjoEHgoVUl,9uUtBlFK0pIftl2f8ESRyMzGMHPcpdNA3cr0RAAQNekj0
NY,B7M37EgnPWCGTBJ7STTIZnwFY,NHNPFRbEUQucny6I8PFMhpXwnZiRb5Eg3NSQrs4Al8dVsHwJ7q,701531041-QbOgFAKwseiGKkTpbAJgyIupBSEpU09t0QaIHA74,4vTL6ihEfj1Vvl03PoO6y31qaFwkDbvA55pzvPNCTuJs6
OH,B7M37EgnPWCGTBJ7STTIZnwFY,NHNPFRbEUQucny6I8PFMhpXwnZiRb5Eg3NSQrs4Al8dVsHwJ7q,701568810-7Y8CLQHdcJjp2W1EtnC1pj5NlRdnkbkK3pNX8rVI,0dOs9LXMSAtvk6dokV2btjzRr8xn0CvmJ05rnjiUEn5oL
OK,B7M37EgnPWCGTBJ7STTIZnwFY,NHNPFRbEUQucny6I8PFMhpXwnZiRb5Eg3NSQrs4Al8dVsHwJ7q,701560405-zm8vZx3Ig6G7y2PqPdGaQHUXwpR0SNJEKmLwkwVR,TW7j0mawJn7xsRoNYFJ3Ds3zCY6yKa2SwOs2C0wOLTfcH
OR,B7M37EgnPWCGTBJ7STTIZnwFY,NHNPFRbEUQucny6I8PFMhpXwnZiRb5Eg3NSQrs4Al8dVsHwJ7q,762949543-ud1jf2Zpda81e8JVM6FjGXbCzpZ0lPIEH63rdSY5,ShAshtQR71ZOFJeHBJLIalMnEhtCn99GqOglOj16ckOBN
PA,B7M37EgnPWCGTBJ7STTIZnwFY,NHNPFRbEUQucny6I8PFMhpXwnZiRb5Eg3NSQrs4Al8dVsHwJ7q,701584874-YnWKcFLeFWhxPd8W2tmOhqXDsNhXbDUsSEBLN1ve,nx9mb7ZAMCQn6G3r724LJC8yud8BcZzyud5olhwqhcELr
RI,B7M37EgnPWCGTBJ7STTIZnwFY,NHNPFRbEUQucny6I8PFMhpXwnZiRb5Eg3NSQrs4Al8dVsHwJ7q,701595696-uaRtWqqFbZCh9kw9MPunYgqIO8W6HDEg5lNh8lMq,JnulDNxCjPrQSQH037X3gjX8wTCkD1XQpE0n2svHEbTqq
SC,B7M37EgnPWCGTBJ7STTIZnwFY,NHNPFRbEUQucny6I8PFMhpXwnZiRb5Eg3NSQrs4Al8dVsHwJ7q,701601696-4MRiOGKNlmTMJCIwRjoPllnHAubtLIS6ra7EFXxI,VJGy8a1CYKOmVvYQCeMgJLABuz5xK2ZbOPTpRkTflsgZc
SD,B7M37EgnPWCGTBJ7STTIZnwFY,NHNPFRbEUQucny6I8PFMhpXwnZiRb5Eg3NSQrs4Al8dVsHwJ7q,701613356-pdjOdXAhEL3OKutIkxLfH98bA0yNmw3fF3nxOIee,Oxv31vKqB4v9w2NrBSOs6CrCWd2tdKIwV4SZnkosuGf4t
TN,B7M37EgnPWCGTBJ7STTIZnwFY,NHNPFRbEUQucny6I8PFMhpXwnZiRb5Eg3NSQrs4Al8dVsHwJ7q,701618042-QWbw6vsWVlqIGU0fq0MLHLU7zXHalTBCQJTGXxVh,wRP0qxinWq6Omhhw9gmlUyDiN5nHGhNumxNFB2QKewuO5
TX,B7M37EgnPWCGTBJ7STTIZnwFY,NHNPFRbEUQucny6I8PFMhpXwnZiRb5Eg3NSQrs4Al8dVsHwJ7q,701629231-5PS33Tjqeg97i4CskJOQ1ADbe2fCRep23R980v3N,dRyQD5254Ugg6dlOW6gRdHYQT2KOodWDZFN91Y5dqRJaE
UT,B7M37EgnPWCGTBJ7STTIZnwFY,NHNPFRbEUQucny6I8PFMhpXwnZiRb5Eg3NSQrs4Al8dVsHwJ7q,701642270-Ea7e19GWTchjMSqpYp3qfva0SiKiHLuvmOTQP6fE,KrhRTD67gvVLEJ8ZK9diPeiTS2sfdzFFChCVVMSqumyUz
VA,B7M37EgnPWCGTBJ7STTIZnwFY,NHNPFRbEUQucny6I8PFMhpXwnZiRb5Eg3NSQrs4Al8dVsHwJ7q,701684132-1rw2sWGJjNiygY9okiOVPjP8QeSvlomasmsYhZww,NbdjKdctkzPhPfj6Lr3AiXF1oW9INWl78rdks0Eg1XzcA
VT,B7M37EgnPWCGTBJ7STTIZnwFY,NHNPFRbEUQucny6I8PFMhpXwnZiRb5Eg3NSQrs4Al8dVsHwJ7q,701649474-KwQAiSauyBzlpkwVoe5hihcyYVcbHitfkbGDCDF0,mHK2O4kFqkExIhWI2E7QiqT3p1c2GXaHVcYRrsHkBvTmx
WA,B7M37EgnPWCGTBJ7STTIZnwFY,NHNPFRbEUQucny6I8PFMhpXwnZiRb5Eg3NSQrs4Al8dVsHwJ7q,701662868-yz1mJHEihKJIZn2J1KAAAezlLcDUuXcz9fjzCse3,E6snqgb5ktj3JKdKW9HhTpalCYUw4BSYMUwk7mmrK860E
WI,B7M37EgnPWCGTBJ7STTIZnwFY,NHNPFRbEUQucny6I8PFMhpXwnZiRb5Eg3NSQrs4Al8dVsHwJ7q,701673522-2hLVNpJcqiK7pH9vxUejvcH2Z80NH9TdxJFbB3Qh,HuJKWTF5bWpY04p3h5uTG362eV2vIIRjF4D0l53I7HmrG
WV,B7M37EgnPWCGTBJ7STTIZnwFY,NHNPFRbEUQucny6I8PFMhpXwnZiRb5Eg3NSQrs4Al8dVsHwJ7q,701669796-mRyY1SROwqWbqODN3GJ2rVR9186hhciXGRfUFoAXnxfXqekD4fckLXj0CyawjGd7bUyLvgesZu4xgtl5odda
WY,B7M37EgnPWCGTBJ7STTIZnwFY,NHNPFRbEUQucny6I8PFMhpXwnZiRb5Eg3NSQrs4Al8dVsHwJ7q,701678107-yp3Z0PrkQd2kHP04nAwErt7jh0uq1bt3O37ozkGb,OUNJKB3UpfZLAeDXis4Uryx2R0vrezpI3qmIVBARgOA9R
